# relative_path	repo_name	remote_url
automation/video-summary	video-summary	ssh://git@localhost/srv/git/repos/clipper-video-summary.git
school/differential_equations/directional_fields	directional_fields	
school/Engineering_Course_Differential_Equations_and_Dynamical_Systems	Engineering_Course_Differential_Equations_and_Dynamical_Systems	ssh://git@localhost/srv/git/repos/diff_eqns_dyn_sys_jupyter_notebook.git
school/published-real-analysis-notes	published-real-analysis-notes	ssh://git@localhost/srv/git/repos/Math-450A-Class-Notes.git
school/published-stats-notes	published-stats-notes	ssh://git@localhost/srv/git/repos/Prob-Stats-Notes.git
school/scientific_computing	scientific_computing	ssh://git@localhost:/srv/git/repos/scientific_computing.git
school/W3Schools/DS_Home	DS_Home	ssh://git@localhost:/srv/git/repos/ds_home.git
self-hosted/llmfit	llmfit	https://github.com/AlexsJones/llmfit.git
self-hosted/zettelkasten	zettelkasten	ssh://git@localhost/srv/git/repos/zettelkasten.git
